{"cameraMode":{"drawMode":0,"name":"Shaded","section":"Shading Mode"},"sceneLighting":false,"audioPlay":false,"sceneViewState":{"m_AlwaysRefresh":false,"showFog":true,"showSkybox":false,"showFlares":true,"showImageEffects":true,"showParticleSystems":true,"showVisualEffectGraphs":true,"m_FxEnabled":true},"in2DMode":false,"pivot":{"x":1.2138936519622803,"y":-0.04712831974029541,"z":-0.21052730083465577},"rotation":{"x":-0.3966439664363861,"y":0.5330069661140442,"z":-0.3110889792442322,"w":-0.6795938611030579},"size":1.8928656578063965,"orthographic":false}